{"cameraMode":{"drawMode":0,"name":"Shaded","section":"Shading Mode"},"sceneLighting":true,"audioPlay":false,"sceneViewState":{"m_AlwaysRefresh":false,"showFog":true,"showSkybox":true,"showFlares":true,"showImageEffects":true,"showParticleSystems":true,"showVisualEffectGraphs":true,"m_FxEnabled":true},"in2DMode":false,"pivot":{"x":-0.4832572937011719,"y":4.947047710418701,"z":-1.3079195022583008},"rotation":{"x":0.2364085167646408,"y":0.21391087770462037,"z":-0.053441859781742099,"w":0.9463150501251221},"size":5.258073806762695,"orthographic":false}