{"cameraMode":{"drawMode":0,"name":"Shaded","section":"Shading Mode"},"sceneLighting":true,"audioPlay":false,"sceneViewState":{"m_AlwaysRefresh":false,"showFog":true,"showSkybox":true,"showFlares":true,"showImageEffects":true,"showParticleSystems":true,"showVisualEffectGraphs":true,"m_FxEnabled":true},"in2DMode":false,"pivot":{"x":0.7204334735870361,"y":1.1534289121627808,"z":0.4584881067276001},"rotation":{"x":-0.0457506999373436,"y":0.927140474319458,"z":-0.12056101113557816,"w":-0.35183823108673098},"size":2.5623691082000734,"orthographic":false}